{
    "rmse": 0.05291502622129181,
    "mae": 0.0028,
    "r2": 0.9106864891624434
}